ID,NAME,CODES,GENDER,NATIONALITY,YEAR_OF_BIRTH,CREATED_AT
1,name1,1,Male1,national1,1921,45439.66374
2,name2,2,Male2,national2,1922,45439.66374
3,name3,3,Male3,national3,1923,45439.66374
4,name4,4,Male4,national4,1924,45439.66374
5,name5,5,Male5,national5,1925,45439.66374
6,name6,6,Male6,national6,1926,45439.66374
7,name7,7,Male7,national7,1927,45439.66374
8,name8,8,Male8,national8,1928,45439.66374
9,name9,9,Male9,national9,1929,45439.66374
10,name10,10,Male10,national10,1930,45439.66374
11,name11,11,Male11,national11,1931,45439.66374
12,name12,12,Male12,national12,1932,45439.66374
13,name13,13,Male13,national13,1933,45439.66374
14,name14,14,Male14,national14,1934,45439.66374
15,name15,15,Male15,national15,1935,45439.66374
16,name16,16,Male16,national16,1936,45439.66374
17,name17,17,Male17,national17,1937,45439.66374
18,name18,18,Male18,national18,1938,45439.66374
19,name19,19,Male19,national19,1939,45439.66374
20,name20,20,Male20,national20,1940,45439.66374
21,name21,21,Male21,national21,1941,45439.66374
22,name22,22,Male22,national22,1942,45439.66374
23,name23,23,Male23,national23,1943,45439.66374
24,name24,24,Male24,national24,1944,45439.66374
25,name25,25,Male25,national25,1945,45439.66374
26,name26,26,Male26,national26,1946,45439.66374
27,name27,27,Male27,national27,1947,45439.66374
28,name28,28,Male28,national28,1948,45439.66374
29,name29,29,Male29,national29,1949,45439.66374
30,name30,30,Male30,national30,1950,45439.66374
31,name31,31,Male31,national31,1951,45439.66374
32,name32,32,Male32,national32,1952,45439.66374
33,name33,33,Male33,national33,1953,45439.66374
34,name34,34,Male34,national34,1954,45439.66374
35,name35,35,Male35,national35,1955,45439.66374
36,name36,36,Male36,national36,1956,45439.66374
37,name37,37,Male37,national37,1957,45439.66374
38,name38,38,Male38,national38,1958,45439.66374
39,name39,39,Male39,national39,1959,45439.66374
40,name40,40,Male40,national40,1960,45439.66374
41,name41,41,Male41,national41,1961,45439.66374
42,name42,42,Male42,national42,1962,45439.66374
43,name43,43,Male43,national43,1963,45439.66374
44,name44,44,Male44,national44,1964,45439.66374
45,name45,45,Male45,national45,1965,45439.66374
46,name46,46,Male46,national46,1966,45439.66374
47,name47,47,Male47,national47,1967,45439.66374
48,name48,48,Male48,national48,1968,45439.66374
49,name49,49,Male49,national49,1969,45439.66374
50,name50,50,Male50,national50,1970,45439.66374
51,name51,51,Male51,national51,1971,45439.66374
52,name52,52,Male52,national52,1972,45439.66374
53,name53,53,Male53,national53,1973,45439.66374
54,name54,54,Male54,national54,1974,45439.66374
55,name55,55,Male55,national55,1975,45439.66374
56,name56,56,Male56,national56,1976,45439.66374
57,name57,57,Male57,national57,1977,45439.66374
58,name58,58,Male58,national58,1978,45439.66374
59,name59,59,Male59,national59,1979,45439.66374
60,name60,60,Male60,national60,1980,45439.66374
61,name61,61,Male61,national61,1981,45439.66374
62,name62,62,Male62,national62,1982,45439.66374
63,name63,63,Male63,national63,1983,45439.66374
64,name64,64,Male64,national64,1984,45439.66374
65,name65,65,Male65,national65,1985,45439.66374
66,name66,66,Male66,national66,1986,45439.66374
67,name67,67,Male67,national67,1987,45439.66374
68,name68,68,Male68,national68,1988,45439.66374
69,name69,69,Male69,national69,1989,45439.66374
70,name70,70,Male70,national70,1990,45439.66374
71,name71,71,Male71,national71,1991,45439.66374
72,name72,72,Male72,national72,1992,45439.66374
73,name73,73,Male73,national73,1993,45439.66374
74,name74,74,Male74,national74,1994,45439.66374
75,name75,75,Male75,national75,1995,45439.66374
76,name76,76,Male76,national76,1996,45439.66374
77,name77,77,Male77,national77,1997,45439.66374
78,name78,78,Male78,national78,1998,45439.66374
79,name79,79,Male79,national79,1999,45439.66374
80,name80,80,Male80,national80,2000,45439.66374
81,name81,81,Male81,national81,2001,45439.66374
82,name82,82,Male82,national82,2002,45439.66374
83,name83,83,Male83,national83,2003,45439.66374
84,name84,84,Male84,national84,2004,45439.66374
85,name85,85,Male85,national85,2005,45439.66374
86,name86,86,Male86,national86,2006,45439.66374
87,name87,87,Male87,national87,2007,45439.66374
88,name88,88,Male88,national88,2008,45439.66374
89,name89,89,Male89,national89,2009,45439.66374
90,name90,90,Male90,national90,2010,45439.66374
91,name91,91,Male91,national91,2011,45439.66374
92,name92,92,Male92,national92,2012,45439.66374
93,name93,93,Male93,national93,2013,45439.66374
94,name94,94,Male94,national94,2014,45439.66374
95,name95,95,Male95,national95,2015,45439.66374
96,name96,96,Male96,national96,2016,45439.66374
97,name97,97,Male97,national97,2017,45439.66374
98,name98,98,Male98,national98,2018,45439.66374
99,name99,99,Male99,national99,2019,45439.66374
100,name100,100,Male100,national100,2020,45439.66374
